{"train/mse": 65.95439147949219, "train/mae": 4.200118541717529, "val/mse": 93.56294250488281, "val/mae": 6.083256721496582, "_runtime": 17, "_timestamp": 1643429422, "_step": 6, "_wandb": {"runtime": 18}}