{"train/mse": 18.97235870361328, "train/mae": 1.5343643426895142, "val/mse": 40.75692367553711, "val/mae": 3.4051387310028076, "_runtime": 93, "_timestamp": 1643429550, "_step": 59, "_wandb": {"runtime": 94}}