{"train/mse": 20.977537155151367, "train/mae": 3.402114152908325, "val/mse": 27.91202163696289, "val/mae": 4.398658275604248, "_runtime": 27, "_timestamp": 1643427960, "_step": 57, "_wandb": {"runtime": 27}}