{"train/mse": 0.9218575358390808, "train/mae": 0.5928561687469482, "val/mse": 13.08203411102295, "val/mae": 2.11381196975708, "_runtime": 460, "_timestamp": 1643443963, "_step": 209, "_wandb": {"runtime": 460}}