{"train/mse": 1.632728934288025, "train/mae": 0.7262536287307739, "val/mse": 13.92048168182373, "val/mae": 2.1843795776367188, "_runtime": 128, "_timestamp": 1643443384, "_step": 97, "_wandb": {"runtime": 129}}