{"train/mse": 26.09015464782715, "train/mae": 3.7427213191986084, "val/mse": 31.27373695373535, "val/mae": 4.2081193923950195, "_runtime": 18, "_timestamp": 1643381840, "_step": 34, "_wandb": {"runtime": 18}}