{"train/mse": 2.1593310832977295, "train/mae": 0.9066449403762817, "train/mape": Infinity, "val/mse": 17.7791748046875, "val/mae": 2.5119121074676514, "val/mape": Infinity, "_runtime": 198, "_timestamp": 1643441743, "_step": 85, "_wandb": {"runtime": 198}}