{"train/mse": 22.236034393310547, "train/mae": 3.547029733657837, "val/mse": 26.61224365234375, "val/mae": 4.307180881500244, "_runtime": 32, "_timestamp": 1643382186, "_step": 67, "_wandb": {"runtime": 33}}