{"train/mse": 22.352869033813477, "train/mae": 3.467207193374634, "val/mse": 29.57425308227539, "val/mae": 4.755772590637207, "_runtime": 32, "_timestamp": 1643381943, "_step": 71, "_wandb": {"runtime": 33}}