{"train/mse": 21.019372940063477, "train/mae": 3.3936095237731934, "val/mse": 34.213714599609375, "val/mae": 4.425147533416748, "_runtime": 31, "_timestamp": 1643428350, "_step": 58, "_wandb": {"runtime": 32}}